-- phpMyAdmin SQL Dump
-- version 5.1.1
-- https://www.phpmyadmin.net/
--
-- ホスト: localhost
-- 生成日時: 2021-11-28 15:30:21
-- サーバのバージョン： 10.4.21-MariaDB
-- PHP のバージョン: 7.4.25

SET SQL_MODE = "NO_AUTO_VALUE_ON_ZERO";
START TRANSACTION;
SET time_zone = "+00:00";


/*!40101 SET @OLD_CHARACTER_SET_CLIENT=@@CHARACTER_SET_CLIENT */;
/*!40101 SET @OLD_CHARACTER_SET_RESULTS=@@CHARACTER_SET_RESULTS */;
/*!40101 SET @OLD_COLLATION_CONNECTION=@@COLLATION_CONNECTION */;
/*!40101 SET NAMES utf8mb4 */;

--
-- データベース: `orderapp_copy`
--

-- --------------------------------------------------------

--
-- テーブルの構造 `orders`
--

CREATE TABLE `orders` (
  `id` int(32) NOT NULL COMMENT 'システムID',
  `shops_id` int(32) NOT NULL COMMENT '店舗ID',
  `stocks_id` int(32) NOT NULL COMMENT '商品ID',
  `shop_stock_count` int(32) DEFAULT NULL COMMENT '店舗在庫',
  `order_count` int(32) DEFAULT NULL COMMENT '発注数',
  `Appropriate_count` int(32) DEFAULT NULL COMMENT '適正数',
  `created_at` date DEFAULT NULL COMMENT '登録日時'
) ENGINE=InnoDB DEFAULT CHARSET=utf8mb4;

--
-- テーブルのデータのダンプ `orders`
--

INSERT INTO `orders` (`id`, `shops_id`, `stocks_id`, `shop_stock_count`, `order_count`, `Appropriate_count`, `created_at`) VALUES
(1, 2, 1, NULL, 6, 0, '2021-11-15'),
(2, 2, 1, NULL, NULL, 10, '2021-11-15'),
(3, 2, 1, 5, NULL, NULL, '2021-11-15'),
(5, 2, 1, NULL, NULL, 15, '2021-11-16'),
(60, 2, 1, 10, NULL, NULL, '2021-11-16'),
(61, 2, 1, NULL, 0, NULL, '2021-11-16'),
(62, 2, 1, 2, NULL, NULL, '2021-11-16'),
(63, 2, 1, NULL, 7, NULL, '2021-11-16'),
(64, 2, 1, 2, NULL, NULL, '2021-11-16'),
(65, 2, 1, NULL, 7, NULL, '2021-11-16'),
(67, 2, 1, NULL, NULL, 20, '2021-11-16'),
(1490, 2, 1, NULL, NULL, 20, '2021-11-17'),
(1560, 2, 1, NULL, NULL, 30, '2021-11-18'),
(1561, 2, 1, NULL, NULL, 20, '2021-11-18'),
(1562, 2, 1, NULL, NULL, 20, '2021-11-19'),
(1563, 2, 1, NULL, NULL, 30, '2021-11-20'),
(1564, 2, 1, NULL, NULL, 30, '2021-11-21'),
(1565, 2, 1, NULL, NULL, 30, '2021-11-22'),
(1566, 2, 1, NULL, NULL, 20, '2021-11-23'),
(1567, 2, 2, NULL, NULL, 22, '2021-11-17'),
(1568, 2, 3, NULL, NULL, 5, '2021-11-17'),
(1569, 2, 4, NULL, NULL, 10, '2021-11-17'),
(1570, 2, 5, NULL, NULL, 10, '2021-11-17'),
(1571, 2, 6, NULL, NULL, 5, '2021-11-17'),
(1572, 2, 7, NULL, NULL, 2, '2021-11-17'),
(1573, 2, 8, NULL, NULL, 2, '2021-11-17'),
(1574, 2, 9, NULL, NULL, 10, '2021-11-17'),
(1575, 2, 10, NULL, NULL, 10, '2021-11-17'),
(2139, 2, 1, 4, NULL, NULL, '2021-11-17'),
(2140, 2, 1, 2, NULL, NULL, '2021-11-17'),
(2141, 2, 1, 0, NULL, NULL, '2021-11-18'),
(2142, 2, 1, 0, NULL, NULL, '2021-11-19'),
(2143, 2, 1, 0, NULL, NULL, '2021-11-20'),
(2144, 2, 1, 0, NULL, NULL, '2021-11-21'),
(2145, 2, 1, 0, NULL, NULL, '2021-11-22'),
(2146, 2, 1, 0, NULL, NULL, '2021-11-23'),
(2147, 2, 2, 0, NULL, NULL, '2021-11-17'),
(2148, 2, 2, 0, NULL, NULL, '2021-11-18'),
(2149, 2, 2, 0, NULL, NULL, '2021-11-19'),
(2150, 2, 2, 0, NULL, NULL, '2021-11-20'),
(2151, 2, 2, 0, NULL, NULL, '2021-11-21'),
(2152, 2, 2, 0, NULL, NULL, '2021-11-22'),
(2153, 2, 2, 0, NULL, NULL, '2021-11-23'),
(2154, 2, 3, 0, NULL, NULL, '2021-11-17'),
(2155, 2, 3, 0, NULL, NULL, '2021-11-18'),
(2156, 2, 3, 0, NULL, NULL, '2021-11-19'),
(2157, 2, 3, 0, NULL, NULL, '2021-11-20'),
(2158, 2, 3, 0, NULL, NULL, '2021-11-21'),
(2159, 2, 3, 0, NULL, NULL, '2021-11-22'),
(2160, 2, 3, 0, NULL, NULL, '2021-11-23'),
(2161, 2, 4, 0, NULL, NULL, '2021-11-17'),
(2162, 2, 4, 0, NULL, NULL, '2021-11-18'),
(2163, 2, 4, 0, NULL, NULL, '2021-11-19'),
(2164, 2, 4, 0, NULL, NULL, '2021-11-20'),
(2165, 2, 4, 0, NULL, NULL, '2021-11-21'),
(2166, 2, 4, 0, NULL, NULL, '2021-11-22'),
(2167, 2, 4, 0, NULL, NULL, '2021-11-23'),
(2168, 2, 5, 0, NULL, NULL, '2021-11-17'),
(2169, 2, 5, 0, NULL, NULL, '2021-11-18'),
(2170, 2, 5, 0, NULL, NULL, '2021-11-19'),
(2171, 2, 5, 0, NULL, NULL, '2021-11-20'),
(2172, 2, 5, 0, NULL, NULL, '2021-11-21'),
(2173, 2, 5, 0, NULL, NULL, '2021-11-22'),
(2174, 2, 5, 0, NULL, NULL, '2021-11-23'),
(2175, 2, 6, 0, NULL, NULL, '2021-11-17'),
(2176, 2, 6, 0, NULL, NULL, '2021-11-18'),
(2177, 2, 6, 0, NULL, NULL, '2021-11-19'),
(2178, 2, 6, 0, NULL, NULL, '2021-11-20'),
(2179, 2, 6, 0, NULL, NULL, '2021-11-21'),
(2180, 2, 6, 0, NULL, NULL, '2021-11-22'),
(2181, 2, 6, 0, NULL, NULL, '2021-11-23'),
(2182, 2, 7, 0, NULL, NULL, '2021-11-17'),
(2183, 2, 7, 0, NULL, NULL, '2021-11-18'),
(2184, 2, 7, 0, NULL, NULL, '2021-11-19'),
(2185, 2, 7, 0, NULL, NULL, '2021-11-20'),
(2186, 2, 7, 0, NULL, NULL, '2021-11-21'),
(2187, 2, 7, 0, NULL, NULL, '2021-11-22'),
(2188, 2, 7, 0, NULL, NULL, '2021-11-23'),
(2189, 2, 8, 0, NULL, NULL, '2021-11-17'),
(2190, 2, 8, 0, NULL, NULL, '2021-11-18'),
(2191, 2, 8, 0, NULL, NULL, '2021-11-19'),
(2192, 2, 8, 0, NULL, NULL, '2021-11-20'),
(2193, 2, 8, 0, NULL, NULL, '2021-11-21'),
(2194, 2, 8, 0, NULL, NULL, '2021-11-22'),
(2195, 2, 8, 0, NULL, NULL, '2021-11-23'),
(2196, 2, 9, 0, NULL, NULL, '2021-11-17'),
(2197, 2, 9, 0, NULL, NULL, '2021-11-18'),
(2198, 2, 9, 0, NULL, NULL, '2021-11-19'),
(2199, 2, 9, 0, NULL, NULL, '2021-11-20'),
(2200, 2, 9, 0, NULL, NULL, '2021-11-21'),
(2201, 2, 9, 0, NULL, NULL, '2021-11-22'),
(2202, 2, 9, 0, NULL, NULL, '2021-11-23'),
(2203, 2, 10, 0, NULL, NULL, '2021-11-17'),
(2204, 2, 10, 0, NULL, NULL, '2021-11-18'),
(2205, 2, 10, 0, NULL, NULL, '2021-11-19'),
(2206, 2, 10, 0, NULL, NULL, '2021-11-20'),
(2207, 2, 10, 0, NULL, NULL, '2021-11-21'),
(2208, 2, 10, 0, NULL, NULL, '2021-11-22'),
(2209, 2, 10, 0, NULL, NULL, '2021-11-23'),
(2210, 2, 1, 3, NULL, NULL, '2021-11-17'),
(2211, 2, 1, 2, NULL, NULL, '2021-11-17'),
(2212, 2, 2, 5, NULL, NULL, '2021-11-17'),
(2213, 2, 1, 0, NULL, NULL, '2021-11-17'),
(2214, 2, 1, 2, NULL, NULL, '2021-11-17'),
(2215, 2, 2, 0, NULL, NULL, '2021-11-17'),
(2216, 2, 1, 5, NULL, NULL, '2021-11-17'),
(2217, 2, 1, 5, NULL, NULL, '2021-11-18'),
(2218, 2, 1, NULL, 9, NULL, '2021-11-17'),
(2219, 2, 1, NULL, 8, NULL, '2021-11-17'),
(2220, 2, 1, NULL, 7, NULL, '2021-11-18'),
(2221, 2, 1, NULL, 13, NULL, '2021-11-19'),
(2222, 2, 1, NULL, 17, NULL, '2021-11-20'),
(2223, 2, 1, NULL, 13, NULL, '2021-11-21'),
(2224, 2, 1, NULL, 17, NULL, '2021-11-22'),
(2225, 2, 1, NULL, 3, NULL, '2021-11-23'),
(2226, 2, 2, NULL, 15, NULL, '2021-11-17'),
(2227, 2, 2, NULL, 0, NULL, '2021-11-18'),
(2228, 2, 2, NULL, 0, NULL, '2021-11-19'),
(2229, 2, 2, NULL, 0, NULL, '2021-11-20'),
(2230, 2, 2, NULL, 0, NULL, '2021-11-21'),
(2231, 2, 2, NULL, 0, NULL, '2021-11-22'),
(2232, 2, 2, NULL, 0, NULL, '2021-11-23'),
(2233, 2, 3, NULL, 0, NULL, '2021-11-17'),
(2234, 2, 3, NULL, 0, NULL, '2021-11-18'),
(2235, 2, 3, NULL, 0, NULL, '2021-11-19'),
(2236, 2, 3, NULL, 0, NULL, '2021-11-20'),
(2237, 2, 3, NULL, 0, NULL, '2021-11-21'),
(2238, 2, 3, NULL, 0, NULL, '2021-11-22'),
(2239, 2, 3, NULL, 0, NULL, '2021-11-23'),
(2240, 2, 4, NULL, 3, NULL, '2021-11-17'),
(2241, 2, 4, NULL, 0, NULL, '2021-11-18'),
(2242, 2, 4, NULL, 0, NULL, '2021-11-19'),
(2243, 2, 4, NULL, 0, NULL, '2021-11-20'),
(2244, 2, 4, NULL, 0, NULL, '2021-11-21'),
(2245, 2, 4, NULL, 0, NULL, '2021-11-22'),
(2246, 2, 4, NULL, 0, NULL, '2021-11-23'),
(2247, 2, 5, NULL, 3, NULL, '2021-11-17'),
(2248, 2, 5, NULL, 0, NULL, '2021-11-18'),
(2249, 2, 5, NULL, 0, NULL, '2021-11-19'),
(2250, 2, 5, NULL, 0, NULL, '2021-11-20'),
(2251, 2, 5, NULL, 0, NULL, '2021-11-21'),
(2252, 2, 5, NULL, 0, NULL, '2021-11-22'),
(2253, 2, 5, NULL, 0, NULL, '2021-11-23'),
(2254, 2, 6, NULL, 0, NULL, '2021-11-17'),
(2255, 2, 6, NULL, 0, NULL, '2021-11-18'),
(2256, 2, 6, NULL, 0, NULL, '2021-11-19'),
(2257, 2, 6, NULL, 0, NULL, '2021-11-20'),
(2258, 2, 6, NULL, 0, NULL, '2021-11-21'),
(2259, 2, 6, NULL, 0, NULL, '2021-11-22'),
(2260, 2, 6, NULL, 0, NULL, '2021-11-23'),
(2261, 2, 7, NULL, 0, NULL, '2021-11-17'),
(2262, 2, 7, NULL, 0, NULL, '2021-11-18'),
(2263, 2, 7, NULL, 0, NULL, '2021-11-19'),
(2264, 2, 7, NULL, 0, NULL, '2021-11-20'),
(2265, 2, 7, NULL, 0, NULL, '2021-11-21'),
(2266, 2, 7, NULL, 0, NULL, '2021-11-22'),
(2267, 2, 7, NULL, 0, NULL, '2021-11-23'),
(2268, 2, 8, NULL, 0, NULL, '2021-11-17'),
(2269, 2, 8, NULL, 0, NULL, '2021-11-18'),
(2270, 2, 8, NULL, 0, NULL, '2021-11-19'),
(2271, 2, 8, NULL, 0, NULL, '2021-11-20'),
(2272, 2, 8, NULL, 0, NULL, '2021-11-21'),
(2273, 2, 8, NULL, 0, NULL, '2021-11-22'),
(2274, 2, 8, NULL, 0, NULL, '2021-11-23'),
(2275, 2, 9, NULL, 3, NULL, '2021-11-17'),
(2276, 2, 9, NULL, 0, NULL, '2021-11-18'),
(2277, 2, 9, NULL, 0, NULL, '2021-11-19'),
(2278, 2, 9, NULL, 0, NULL, '2021-11-20'),
(2279, 2, 9, NULL, 0, NULL, '2021-11-21'),
(2280, 2, 9, NULL, 0, NULL, '2021-11-22'),
(2281, 2, 9, NULL, 0, NULL, '2021-11-23'),
(2282, 2, 10, NULL, 3, NULL, '2021-11-17'),
(2283, 2, 10, NULL, 0, NULL, '2021-11-18'),
(2284, 2, 10, NULL, 0, NULL, '2021-11-19'),
(2285, 2, 10, NULL, 0, NULL, '2021-11-20'),
(2286, 2, 10, NULL, 0, NULL, '2021-11-21'),
(2287, 2, 10, NULL, 0, NULL, '2021-11-22'),
(2288, 2, 10, NULL, 0, NULL, '2021-11-23'),
(2289, 2, 1, NULL, 12, NULL, '2021-11-18'),
(2290, 2, 1, NULL, 8, NULL, '2021-11-19'),
(2291, 2, 1, NULL, 22, NULL, '2021-11-20'),
(2292, 2, 1, NULL, 8, NULL, '2021-11-21'),
(2293, 2, 1, NULL, 22, NULL, '2021-11-22'),
(2294, 2, 1, NULL, 0, NULL, '2021-11-23'),
(2295, 2, 2, 5, NULL, NULL, '2021-11-17'),
(2296, 2, 2, NULL, 10, NULL, '2021-11-17'),
(2297, 2, 1, NULL, 5, NULL, '2021-11-18'),
(2298, 2, 1, NULL, 15, NULL, '2021-11-19'),
(2299, 2, 1, NULL, 15, NULL, '2021-11-20'),
(2300, 2, 1, NULL, 15, NULL, '2021-11-21'),
(2301, 2, 1, NULL, 15, NULL, '2021-11-22'),
(2302, 2, 1, NULL, 5, NULL, '2021-11-23'),
(2303, 2, 2, 8, NULL, NULL, '2021-11-17'),
(2304, 2, 2, NULL, 7, NULL, '2021-11-17'),
(2305, 2, 1, NULL, 8, NULL, '2021-11-18'),
(2306, 2, 1, NULL, 12, NULL, '2021-11-19'),
(2307, 2, 1, NULL, 18, NULL, '2021-11-20'),
(2308, 2, 1, NULL, 12, NULL, '2021-11-21'),
(2309, 2, 1, NULL, 18, NULL, '2021-11-22'),
(2310, 2, 1, NULL, 2, NULL, '2021-11-23'),
(2311, 2, 1, 10, NULL, NULL, '2021-11-20'),
(2312, 2, 1, NULL, 8, NULL, '2021-11-20'),
(2313, 2, 1, NULL, 22, NULL, '2021-11-21'),
(2314, 2, 1, NULL, 8, NULL, '2021-11-22'),
(2315, 2, 1, NULL, 12, NULL, '2021-11-23'),
(2316, 2, 3, 5, NULL, NULL, '2021-11-17'),
(2317, 2, 2, NULL, NULL, 22, '2021-11-18'),
(2318, 2, 2, NULL, NULL, 22, '2021-11-19'),
(2319, 2, 2, NULL, NULL, 30, '2021-11-20'),
(2320, 2, 2, NULL, NULL, 30, '2021-11-21'),
(2321, 2, 2, NULL, NULL, 22, '2021-11-22'),
(2322, 2, 2, NULL, NULL, 22, '2021-11-23'),
(2323, 2, 3, NULL, NULL, 5, '2021-11-18'),
(2324, 2, 3, NULL, NULL, 5, '2021-11-19'),
(2325, 2, 3, NULL, NULL, 7, '2021-11-20'),
(2326, 2, 3, NULL, NULL, 7, '2021-11-21'),
(2327, 2, 3, NULL, NULL, 5, '2021-11-22'),
(2328, 2, 3, NULL, NULL, 5, '2021-11-23'),
(2329, 2, 4, NULL, NULL, 0, '2021-11-18'),
(2330, 2, 4, NULL, NULL, 0, '2021-11-19'),
(2331, 2, 4, NULL, NULL, 0, '2021-11-20'),
(2332, 2, 4, NULL, NULL, 0, '2021-11-21'),
(2333, 2, 4, NULL, NULL, 0, '2021-11-22'),
(2334, 2, 4, NULL, NULL, 0, '2021-11-23'),
(2335, 2, 5, NULL, NULL, 0, '2021-11-18'),
(2336, 2, 5, NULL, NULL, 0, '2021-11-19'),
(2337, 2, 5, NULL, NULL, 0, '2021-11-20'),
(2338, 2, 5, NULL, NULL, 0, '2021-11-21'),
(2339, 2, 5, NULL, NULL, 0, '2021-11-22'),
(2340, 2, 5, NULL, NULL, 0, '2021-11-23'),
(2341, 2, 6, NULL, NULL, 0, '2021-11-18'),
(2342, 2, 6, NULL, NULL, 0, '2021-11-19'),
(2343, 2, 6, NULL, NULL, 0, '2021-11-20'),
(2344, 2, 6, NULL, NULL, 0, '2021-11-21'),
(2345, 2, 6, NULL, NULL, 0, '2021-11-22'),
(2346, 2, 6, NULL, NULL, 0, '2021-11-23'),
(2347, 2, 7, NULL, NULL, 0, '2021-11-18'),
(2348, 2, 7, NULL, NULL, 0, '2021-11-19'),
(2349, 2, 7, NULL, NULL, 0, '2021-11-20'),
(2350, 2, 7, NULL, NULL, 0, '2021-11-21'),
(2351, 2, 7, NULL, NULL, 0, '2021-11-22'),
(2352, 2, 7, NULL, NULL, 0, '2021-11-23'),
(2353, 2, 8, NULL, NULL, 0, '2021-11-18'),
(2354, 2, 8, NULL, NULL, 0, '2021-11-19'),
(2355, 2, 8, NULL, NULL, 0, '2021-11-20'),
(2356, 2, 8, NULL, NULL, 0, '2021-11-21'),
(2357, 2, 8, NULL, NULL, 0, '2021-11-22'),
(2358, 2, 8, NULL, NULL, 0, '2021-11-23'),
(2359, 2, 9, NULL, NULL, 0, '2021-11-18'),
(2360, 2, 9, NULL, NULL, 0, '2021-11-19'),
(2361, 2, 9, NULL, NULL, 0, '2021-11-20'),
(2362, 2, 9, NULL, NULL, 0, '2021-11-21'),
(2363, 2, 9, NULL, NULL, 0, '2021-11-22'),
(2364, 2, 9, NULL, NULL, 0, '2021-11-23'),
(2365, 2, 10, NULL, NULL, 0, '2021-11-18'),
(2366, 2, 10, NULL, NULL, 0, '2021-11-19'),
(2367, 2, 10, NULL, NULL, 0, '2021-11-20'),
(2368, 2, 10, NULL, NULL, 0, '2021-11-21'),
(2369, 2, 10, NULL, NULL, 0, '2021-11-22'),
(2370, 2, 10, NULL, NULL, 0, '2021-11-23'),
(2371, 2, 2, NULL, 15, NULL, '2021-11-18'),
(2372, 2, 2, NULL, 7, NULL, '2021-11-19'),
(2373, 2, 2, NULL, 23, NULL, '2021-11-20'),
(2374, 2, 2, NULL, 7, NULL, '2021-11-21'),
(2375, 2, 2, NULL, 15, NULL, '2021-11-22'),
(2376, 2, 2, NULL, 7, NULL, '2021-11-23'),
(2377, 2, 1, NULL, 5, NULL, '2021-11-19'),
(2378, 2, 1, NULL, 15, NULL, '2021-11-20'),
(2379, 2, 1, NULL, 15, NULL, '2021-11-21'),
(2380, 2, 1, NULL, 15, NULL, '2021-11-22'),
(2381, 2, 1, NULL, 5, NULL, '2021-11-23'),
(2382, 2, 2, NULL, 25, NULL, '2021-11-20'),
(2383, 2, 2, NULL, 5, NULL, '2021-11-21'),
(2384, 2, 2, NULL, 17, NULL, '2021-11-22'),
(2385, 2, 2, NULL, 5, NULL, '2021-11-23'),
(2386, 2, 3, NULL, 2, NULL, '2021-11-20'),
(2387, 2, 3, NULL, 5, NULL, '2021-11-21'),
(2388, 2, 1, NULL, 28, NULL, '2021-11-21'),
(2389, 2, 1, NULL, 2, NULL, '2021-11-22'),
(2390, 2, 1, NULL, 18, NULL, '2021-11-23'),
(2391, 2, 2, NULL, 28, NULL, '2021-11-21'),
(2392, 2, 2, NULL, 0, NULL, '2021-11-22'),
(2393, 2, 2, NULL, 22, NULL, '2021-11-23'),
(2394, 2, 3, NULL, 5, NULL, '2021-11-23'),
(2395, 2, 1, NULL, 20, NULL, '2021-11-23'),
(2396, 2, 1, 0, NULL, NULL, '2021-11-18'),
(2397, 2, 1, NULL, 13, NULL, '2021-11-18'),
(2398, 2, 1, NULL, 7, NULL, '2021-11-19'),
(2399, 2, 1, 0, NULL, NULL, '2021-11-20'),
(2400, 2, 1, NULL, 23, NULL, '2021-11-20'),
(2401, 2, 1, NULL, 7, NULL, '2021-11-21'),
(2402, 2, 1, NULL, 23, NULL, '2021-11-22'),
(2403, 2, 1, NULL, 0, NULL, '2021-11-23'),
(2404, 2, 2, NULL, 9, NULL, '2021-11-19'),
(2405, 2, 2, NULL, 21, NULL, '2021-11-20'),
(2406, 2, 2, NULL, 9, NULL, '2021-11-21'),
(2407, 2, 2, NULL, 13, NULL, '2021-11-22'),
(2408, 2, 2, NULL, 9, NULL, '2021-11-23'),
(2409, 2, 3, NULL, 0, NULL, '2021-11-20'),
(2410, 2, 3, NULL, 7, NULL, '2021-11-21'),
(2411, 2, 3, NULL, 0, NULL, '2021-11-23'),
(2412, 2, 1, NULL, 21, NULL, '2021-11-20'),
(2413, 2, 1, NULL, 9, NULL, '2021-11-21'),
(2414, 2, 1, NULL, 21, NULL, '2021-11-22'),
(2415, 2, 2, NULL, 1, NULL, '2021-11-23'),
(2416, 2, 3, NULL, 0, NULL, '2021-11-21'),
(2417, 2, 3, NULL, 5, NULL, '2021-11-22'),
(2418, 2, 1, NULL, 30, NULL, '2021-11-22'),
(2419, 2, 2, NULL, 22, NULL, '2021-11-22'),
(2420, 2, 2, NULL, 0, NULL, '2021-11-23'),
(2421, 2, 1, 0, NULL, NULL, '2021-11-18'),
(2422, 2, 1, NULL, 0, NULL, '2021-11-24'),
(2423, 2, 2, NULL, 0, NULL, '2021-11-24'),
(2424, 2, 3, NULL, 0, NULL, '2021-11-24'),
(2425, 2, 4, NULL, 0, NULL, '2021-11-24'),
(2426, 2, 5, NULL, 0, NULL, '2021-11-24'),
(2427, 2, 6, NULL, 0, NULL, '2021-11-24'),
(2428, 2, 7, NULL, 0, NULL, '2021-11-24'),
(2429, 2, 8, NULL, 0, NULL, '2021-11-24'),
(2430, 2, 9, NULL, 0, NULL, '2021-11-24'),
(2431, 2, 10, NULL, 0, NULL, '2021-11-24'),
(2432, 2, 1, 5, NULL, NULL, '2021-11-18'),
(2433, 2, 1, NULL, 8, NULL, '2021-11-18'),
(2434, 2, 2, 8, NULL, NULL, '2021-11-18'),
(2435, 2, 2, NULL, 7, NULL, '2021-11-18'),
(2436, 2, 1, NULL, NULL, 0, '2021-11-24'),
(2437, 2, 2, NULL, NULL, 0, '2021-11-24'),
(2438, 2, 3, NULL, NULL, 0, '2021-11-24'),
(2439, 2, 4, NULL, NULL, 0, '2021-11-24'),
(2440, 2, 5, NULL, NULL, 0, '2021-11-24'),
(2441, 2, 6, NULL, NULL, 0, '2021-11-24'),
(2442, 2, 7, NULL, NULL, 0, '2021-11-24'),
(2443, 2, 8, NULL, NULL, 0, '2021-11-24'),
(2444, 2, 9, NULL, NULL, 0, '2021-11-24'),
(2445, 2, 10, NULL, NULL, 0, '2021-11-24'),
(2446, 2, 4, NULL, NULL, 5, '2021-11-18'),
(2447, 2, 5, NULL, NULL, 10, '2021-11-18'),
(2448, 2, 6, NULL, NULL, 5, '2021-11-18'),
(2449, 2, 7, NULL, NULL, 2, '2021-11-18'),
(2450, 2, 8, NULL, NULL, 2, '2021-11-18'),
(2451, 2, 9, NULL, NULL, 5, '2021-11-18'),
(2452, 2, 10, NULL, NULL, 5, '2021-11-18'),
(2453, 2, 5, NULL, 3, NULL, '2021-11-18'),
(2454, 2, 9, 1, NULL, NULL, '2021-11-18'),
(2455, 2, 10, 1, NULL, NULL, '2021-11-18'),
(2456, 2, 9, 0, NULL, NULL, '2021-11-18'),
(2457, 2, 9, 1, NULL, NULL, '2021-11-18'),
(2458, 2, 9, 2, NULL, NULL, '2021-11-18'),
(2459, 2, 1, NULL, 7, NULL, '2021-11-18'),
(2460, 2, 3, NULL, 5, NULL, '2021-11-18'),
(2461, 2, 4, NULL, 5, NULL, '2021-11-18'),
(2462, 2, 5, NULL, 7, NULL, '2021-11-18'),
(2463, 2, 6, NULL, 5, NULL, '2021-11-18'),
(2464, 2, 7, NULL, 2, NULL, '2021-11-18'),
(2465, 2, 8, NULL, 2, NULL, '2021-11-18'),
(2466, 2, 9, NULL, 3, NULL, '2021-11-18'),
(2467, 2, 10, NULL, 4, NULL, '2021-11-18'),
(2468, 2, 1, NULL, 8, NULL, '2021-11-18'),
(2469, 2, 3, NULL, 0, NULL, '2021-11-18'),
(2470, 2, 4, NULL, 0, NULL, '2021-11-18'),
(2471, 2, 5, NULL, 3, NULL, '2021-11-18'),
(2472, 2, 6, NULL, 0, NULL, '2021-11-18'),
(2473, 2, 7, NULL, 0, NULL, '2021-11-18'),
(2474, 2, 8, NULL, 0, NULL, '2021-11-18'),
(2475, 2, 9, NULL, 0, NULL, '2021-11-18'),
(2476, 2, 10, NULL, 0, NULL, '2021-11-18'),
(2477, 2, 1, NULL, 7, NULL, '2021-11-18'),
(2478, 2, 3, NULL, 5, NULL, '2021-11-18'),
(2479, 2, 4, NULL, 5, NULL, '2021-11-18'),
(2480, 2, 5, NULL, 7, NULL, '2021-11-18'),
(2481, 2, 6, NULL, 5, NULL, '2021-11-18'),
(2482, 2, 7, NULL, 2, NULL, '2021-11-18'),
(2483, 2, 8, NULL, 2, NULL, '2021-11-18'),
(2484, 2, 9, NULL, 3, NULL, '2021-11-18'),
(2485, 2, 10, NULL, 4, NULL, '2021-11-18'),
(2486, 2, 1, NULL, 8, NULL, '2021-11-18'),
(2487, 2, 3, NULL, 0, NULL, '2021-11-18'),
(2488, 2, 4, NULL, 0, NULL, '2021-11-18'),
(2489, 2, 5, NULL, 3, NULL, '2021-11-18'),
(2490, 2, 6, NULL, 0, NULL, '2021-11-18'),
(2491, 2, 7, NULL, 0, NULL, '2021-11-18'),
(2492, 2, 8, NULL, 0, NULL, '2021-11-18'),
(2493, 2, 9, NULL, 0, NULL, '2021-11-18'),
(2494, 2, 10, NULL, 0, NULL, '2021-11-18'),
(2495, 2, 1, NULL, 7, NULL, '2021-11-18'),
(2496, 2, 3, NULL, 5, NULL, '2021-11-18'),
(2497, 2, 4, NULL, 5, NULL, '2021-11-18'),
(2498, 2, 5, NULL, 7, NULL, '2021-11-18'),
(2499, 2, 6, NULL, 5, NULL, '2021-11-18'),
(2500, 2, 7, NULL, 2, NULL, '2021-11-18'),
(2501, 2, 8, NULL, 2, NULL, '2021-11-18'),
(2502, 2, 9, NULL, 3, NULL, '2021-11-18'),
(2503, 2, 10, NULL, 4, NULL, '2021-11-18'),
(2504, 2, 1, NULL, 8, NULL, '2021-11-18'),
(2505, 2, 3, NULL, 0, NULL, '2021-11-18'),
(2506, 2, 4, NULL, 0, NULL, '2021-11-18'),
(2507, 2, 5, NULL, 3, NULL, '2021-11-18'),
(2508, 2, 6, NULL, 0, NULL, '2021-11-18'),
(2509, 2, 7, NULL, 0, NULL, '2021-11-18'),
(2510, 2, 8, NULL, 0, NULL, '2021-11-18'),
(2511, 2, 9, NULL, 0, NULL, '2021-11-18'),
(2512, 2, 10, NULL, 0, NULL, '2021-11-18'),
(2513, 2, 1, NULL, 7, NULL, '2021-11-18'),
(2514, 2, 3, NULL, 5, NULL, '2021-11-18'),
(2515, 2, 4, NULL, 5, NULL, '2021-11-18'),
(2516, 2, 5, NULL, 7, NULL, '2021-11-18'),
(2517, 2, 6, NULL, 5, NULL, '2021-11-18'),
(2518, 2, 7, NULL, 2, NULL, '2021-11-18'),
(2519, 2, 8, NULL, 2, NULL, '2021-11-18'),
(2520, 2, 9, NULL, 3, NULL, '2021-11-18'),
(2521, 2, 10, NULL, 4, NULL, '2021-11-18'),
(2522, 2, 1, NULL, 8, NULL, '2021-11-18'),
(2523, 2, 3, NULL, 0, NULL, '2021-11-18'),
(2524, 2, 4, NULL, 0, NULL, '2021-11-18'),
(2525, 2, 5, NULL, 3, NULL, '2021-11-18'),
(2526, 2, 6, NULL, 0, NULL, '2021-11-18'),
(2527, 2, 7, NULL, 0, NULL, '2021-11-18'),
(2528, 2, 8, NULL, 0, NULL, '2021-11-18'),
(2529, 2, 9, NULL, 0, NULL, '2021-11-18'),
(2530, 2, 10, NULL, 0, NULL, '2021-11-18'),
(2531, 2, 1, NULL, 7, NULL, '2021-11-18'),
(2532, 2, 3, NULL, 5, NULL, '2021-11-18'),
(2533, 2, 4, NULL, 2, NULL, '2021-11-18'),
(2534, 2, 5, NULL, 7, NULL, '2021-11-18'),
(2535, 2, 6, NULL, 5, NULL, '2021-11-18'),
(2536, 2, 7, NULL, 2, NULL, '2021-11-18'),
(2537, 2, 8, NULL, 2, NULL, '2021-11-18'),
(2538, 2, 10, NULL, 1, NULL, '2021-11-18'),
(2539, 2, 4, NULL, NULL, 0, '2021-11-19'),
(2540, 2, 4, NULL, NULL, 0, '2021-11-19'),
(2541, 2, 4, NULL, NULL, 0, '2021-11-19'),
(2542, 2, 4, NULL, NULL, 0, '2021-11-19'),
(2543, 2, 4, NULL, NULL, 0, '2021-11-19'),
(2544, 2, 4, NULL, NULL, 0, '2021-11-19'),
(2545, 2, 4, NULL, NULL, 0, '2021-11-19'),
(2546, 2, 10, NULL, 1, NULL, '2021-11-24'),
(2547, 2, 3, 2, NULL, NULL, '2021-11-18'),
(2548, 2, 3, NULL, 3, NULL, '2021-11-18'),
(2549, 2, 4, 1, NULL, NULL, '2021-11-18'),
(2550, 2, 4, NULL, 1, NULL, '2021-11-18'),
(2551, 2, 5, 4, NULL, NULL, '2021-11-18'),
(2552, 2, 5, NULL, 3, NULL, '2021-11-18'),
(2553, 2, 6, 1, NULL, NULL, '2021-11-18'),
(2554, 2, 6, NULL, 4, NULL, '2021-11-18'),
(2555, 2, 1, 5, NULL, NULL, '2021-11-13'),
(2556, 2, 1, 6, NULL, NULL, '2021-11-14'),
(2557, 2, 1, NULL, 7, NULL, '2021-11-12'),
(2558, 2, 1, NULL, NULL, 18, '2021-11-21'),
(2622, 2, 1, 5, 4, NULL, '2021-11-13'),
(2623, 2, 1, 5, 4, NULL, '2021-11-14'),
(2624, 2, 1, 3, 6, NULL, '2021-11-15'),
(2625, 2, 1, 3, 3, NULL, '2021-11-16'),
(2626, 2, 1, 7, 3, NULL, '2021-11-17'),
(2627, 2, 2, 3, 8, NULL, '2021-11-12'),
(2628, 2, 2, 4, 6, NULL, '2021-11-12'),
(2629, 2, 2, 3, 8, NULL, '2021-11-13'),
(2630, 2, 2, 2, 8, NULL, '2021-11-14'),
(2631, 2, 2, 5, 7, NULL, '2021-11-15'),
(2632, 2, 2, 5, 5, NULL, '2021-11-16'),
(2633, 2, 2, 1, 8, NULL, '2021-11-17'),
(2634, 2, 2, 3, 7, NULL, '2021-11-18'),
(2635, 2, 2, 3, 7, NULL, '2021-11-19'),
(2636, 2, 2, 4, 7, NULL, '2021-11-20'),
(2637, 2, 3, 2, 2, NULL, '2021-11-12'),
(2638, 2, 3, 2, 2, NULL, '2021-11-13'),
(2639, 2, 3, 1, 3, NULL, '2021-11-14'),
(2640, 2, 3, 1, 2, NULL, '2021-11-14'),
(2641, 2, 3, 3, 2, NULL, '2021-11-15'),
(2642, 2, 3, 3, 2, NULL, '2021-11-15'),
(2643, 2, 3, 3, 2, NULL, '2021-11-16'),
(2644, 2, 3, 1, 3, NULL, '2021-11-17'),
(2645, 2, 3, 2, 3, NULL, '2021-11-18'),
(2646, 2, 3, 2, 3, NULL, '2021-11-19'),
(2647, 2, 3, 2, 2, NULL, '2021-11-20'),
(2648, 2, 1, 0, NULL, NULL, '2021-11-21'),
(2649, 2, 2, NULL, 23, NULL, '2021-11-21'),
(2650, 2, 3, NULL, 5, NULL, '2021-11-21'),
(2651, 2, 1, NULL, NULL, 0, '2021-11-21'),
(2652, 2, 2, NULL, NULL, 0, '2021-11-21'),
(2653, 2, 3, NULL, NULL, 0, '2021-11-21'),
(2654, 2, 2, NULL, 0, NULL, '2021-11-21'),
(2655, 2, 3, NULL, 0, NULL, '2021-11-21'),
(2656, 2, 4, 5, 10, NULL, '2021-11-20'),
(2657, 2, 4, 5, 10, NULL, '2021-11-19'),
(2658, 2, 4, 10, 5, NULL, '2021-11-19'),
(2659, 2, 4, 10, 5, NULL, '2021-11-18'),
(2660, 2, 4, 15, 4, NULL, '2021-11-17'),
(2661, 2, 4, 10, 7, NULL, '2021-11-16'),
(2662, 2, 4, 10, 7, NULL, '2021-11-15'),
(2663, 2, 4, 10, 7, NULL, '2021-11-14'),
(2664, 2, 4, 10, 7, NULL, '2021-11-13'),
(2665, 2, 4, 10, 7, NULL, '2021-11-12'),
(2666, 2, 5, 10, 10, NULL, '2021-11-12'),
(2667, 2, 5, 10, 10, NULL, '2021-11-13'),
(2668, 2, 5, 10, 10, NULL, '2021-11-14'),
(2669, 2, 5, 10, 10, NULL, '2021-11-15'),
(2670, 2, 5, 10, 10, NULL, '2021-11-16'),
(2671, 2, 5, 10, 10, NULL, '2021-11-17'),
(2672, 2, 5, 10, 10, NULL, '2021-11-18'),
(2673, 2, 5, 10, 10, NULL, '2021-11-19'),
(2674, 2, 5, 10, 10, NULL, '2021-11-20'),
(2675, 2, 5, 3, 3, NULL, '2021-11-20'),
(2676, 2, 5, 3, 3, NULL, '2021-11-19'),
(2677, 2, 5, 3, 3, NULL, '2021-11-18'),
(2678, 2, 5, 3, 3, NULL, '2021-11-17'),
(2679, 2, 5, 3, 3, NULL, '2021-11-16'),
(2680, 2, 5, 3, 3, NULL, '2021-11-15'),
(2681, 2, 5, 3, 3, NULL, '2021-11-14'),
(2682, 2, 5, 3, 3, NULL, '2021-11-13'),
(2683, 2, 5, 3, 3, NULL, '2021-11-12'),
(2684, 2, 5, 10, 10, NULL, '2021-11-12'),
(2685, 2, 5, 10, 10, NULL, '2021-11-13'),
(2686, 2, 5, 10, 10, NULL, '2021-11-14'),
(2687, 2, 5, 10, 10, NULL, '2021-11-15'),
(2688, 2, 5, 10, 10, NULL, '2021-11-16'),
(2689, 2, 5, 10, 10, NULL, '2021-11-17'),
(2690, 2, 5, 10, 10, NULL, '2021-11-18'),
(2691, 2, 5, 10, 10, NULL, '2021-11-19'),
(2692, 2, 5, 10, 10, NULL, '2021-11-20'),
(2693, 2, 6, 3, 3, NULL, '2021-11-20'),
(2694, 2, 6, 3, 3, NULL, '2021-11-19'),
(2695, 2, 6, 3, 3, NULL, '2021-11-18'),
(2696, 2, 6, 3, 3, NULL, '2021-11-17'),
(2697, 2, 6, 3, 3, NULL, '2021-11-16'),
(2698, 2, 6, 3, 3, NULL, '2021-11-15'),
(2699, 2, 6, 3, 3, NULL, '2021-11-14'),
(2700, 2, 6, 3, 3, NULL, '2021-11-13'),
(2701, 2, 6, 3, 3, NULL, '2021-11-12'),
(2702, 2, 7, 2, 0, NULL, '2021-11-12'),
(2703, 2, 7, 2, 0, NULL, '2021-11-13'),
(2704, 2, 7, 2, 1, NULL, '2021-11-14'),
(2705, 2, 7, 2, 0, NULL, '2021-11-15'),
(2706, 2, 7, 1, 1, NULL, '2021-11-16'),
(2707, 2, 7, 2, 0, NULL, '2021-11-17'),
(2708, 2, 7, 2, 0, NULL, '2021-11-18'),
(2709, 2, 7, 1, 1, NULL, '2021-11-19'),
(2710, 2, 7, 2, 0, NULL, '2021-11-20'),
(2711, 2, 8, 2, 0, NULL, '2021-11-20'),
(2712, 2, 8, 2, 0, NULL, '2021-11-19'),
(2713, 2, 8, 1, 1, NULL, '2021-11-19'),
(2714, 2, 8, 2, 0, NULL, '2021-11-19'),
(2715, 2, 8, 1, 1, NULL, '2021-11-19'),
(2716, 2, 8, 2, 0, NULL, '2021-11-18'),
(2717, 2, 8, 2, 0, NULL, '2021-11-17'),
(2718, 2, 8, 1, 1, NULL, '2021-11-16'),
(2719, 2, 8, 2, 0, NULL, '2021-11-15'),
(2720, 2, 8, 2, 0, NULL, '2021-11-14'),
(2721, 2, 8, 1, 1, NULL, '2021-11-13'),
(2722, 2, 8, 1, 1, NULL, '2021-11-12'),
(2723, 2, 9, 10, 0, NULL, '2021-11-12'),
(2724, 2, 9, 5, 5, NULL, '2021-11-13'),
(2725, 2, 9, 5, 5, NULL, '2021-11-14'),
(2726, 2, 9, 5, 5, NULL, '2021-11-15'),
(2727, 2, 9, 2, 10, NULL, '2021-11-16'),
(2728, 2, 9, 2, 8, NULL, '2021-11-17'),
(2729, 2, 9, 4, 8, NULL, '2021-11-18'),
(2730, 2, 9, 4, 8, NULL, '2021-11-19'),
(2731, 2, 9, 4, 8, NULL, '2021-11-20'),
(2732, 2, 9, 4, 8, NULL, '2021-11-12'),
(2733, 2, 1, NULL, NULL, 17, '2021-11-21'),
(2734, 2, 2, NULL, NULL, 21, '2021-11-21'),
(2735, 2, 3, NULL, NULL, 6, '2021-11-21'),
(2736, 2, 4, NULL, NULL, 17, '2021-11-21'),
(2737, 2, 5, NULL, NULL, 25, '2021-11-21'),
(2738, 2, 6, NULL, NULL, 8, '2021-11-21'),
(2739, 2, 7, NULL, NULL, 2, '2021-11-21'),
(2740, 2, 8, NULL, NULL, 2, '2021-11-21'),
(2741, 2, 9, NULL, NULL, 20, '2021-11-21'),
(2742, 2, 10, NULL, NULL, 10, '2021-11-21'),
(2743, 2, 1, 7, NULL, NULL, '2021-11-21'),
(2744, 2, 2, 5, NULL, NULL, '2021-11-21'),
(2745, 2, 2, NULL, 9, NULL, '2021-11-21'),
(2746, 2, 3, 2, NULL, NULL, '2021-11-21'),
(2747, 2, 3, NULL, 2, NULL, '2021-11-21'),
(2748, 2, 4, 5, NULL, NULL, '2021-11-21'),
(2749, 2, 4, NULL, 2, NULL, '2021-11-21'),
(2750, 2, 5, 8, NULL, NULL, '2021-11-21'),
(2751, 2, 5, NULL, 7, NULL, '2021-11-21'),
(2752, 2, 6, 2, NULL, NULL, '2021-11-21'),
(2753, 2, 6, NULL, 3, NULL, '2021-11-21'),
(2754, 2, 7, 2, NULL, NULL, '2021-11-21'),
(2755, 2, 8, 2, NULL, NULL, '2021-11-21'),
(2756, 2, 9, 3, NULL, NULL, '2021-11-21'),
(2757, 2, 9, NULL, 9, NULL, '2021-11-21'),
(2758, 2, 10, 3, NULL, NULL, '2021-11-21'),
(2759, 2, 10, NULL, 7, NULL, '2021-11-21'),
(2760, 2, 1, NULL, NULL, 15, '2021-11-22'),
(2761, 2, 1, NULL, NULL, 0, '2021-11-23'),
(2763, 2, 2, NULL, NULL, 12, '2021-11-22'),
(2765, 2, 3, NULL, NULL, 3, '2021-11-22'),
(2767, 2, 4, NULL, NULL, 17, '2021-11-22'),
(2769, 2, 5, NULL, NULL, 25, '2021-11-22'),
(2771, 2, 6, NULL, NULL, 8, '2021-11-22'),
(2773, 2, 7, NULL, NULL, 1, '2021-11-22'),
(2775, 2, 8, NULL, NULL, 2, '2021-11-22'),
(2777, 2, 9, NULL, NULL, 12, '2021-11-22'),
(2779, 2, 10, NULL, NULL, 10, '2021-11-22'),
(2781, 2, 1, 5, NULL, NULL, '2021-11-22'),
(2782, 2, 1, NULL, 10, NULL, '2021-11-22'),
(2783, 2, 2, 3, NULL, NULL, '2021-11-22'),
(2784, 2, 2, NULL, 0, NULL, '2021-11-22'),
(2785, 2, 3, 2, NULL, NULL, '2021-11-22'),
(2786, 2, 3, NULL, 0, NULL, '2021-11-22'),
(2787, 2, 4, 3, NULL, NULL, '2021-11-22'),
(2788, 2, 4, NULL, 12, NULL, '2021-11-22'),
(2789, 2, 5, 5, NULL, NULL, '2021-11-22'),
(2790, 2, 5, NULL, 13, NULL, '2021-11-22'),
(2791, 2, 6, 3, NULL, NULL, '2021-11-22'),
(2792, 2, 6, NULL, 2, NULL, '2021-11-22'),
(2793, 2, 7, 2, NULL, NULL, '2021-11-22'),
(2794, 2, 8, 1, NULL, NULL, '2021-11-22'),
(2795, 2, 8, NULL, 1, NULL, '2021-11-22'),
(2796, 2, 9, 3, NULL, NULL, '2021-11-22'),
(2797, 2, 10, 2, NULL, NULL, '2021-11-22'),
(2798, 2, 10, NULL, 1, NULL, '2021-11-22'),
(2819, 2, 10, NULL, NULL, 5, '2021-11-23'),
(2820, 2, 2, NULL, NULL, 0, '2021-11-23'),
(2821, 2, 3, NULL, NULL, 0, '2021-11-23'),
(2822, 2, 10, 3, NULL, NULL, '2021-11-23'),
(2823, 2, 10, NULL, 1, NULL, '2021-11-23'),
(2834, 2, 10, NULL, 0, NULL, '2021-11-23'),
(2835, 2, 10, NULL, 0, NULL, '2021-11-23'),
(2836, 2, 10, NULL, 0, NULL, '2021-11-23'),
(2837, 2, 10, NULL, 0, NULL, '2021-11-23'),
(2838, 2, 10, NULL, 0, NULL, '2021-11-24'),
(2839, 2, 10, NULL, 0, NULL, '2021-11-23'),
(2840, 2, 10, NULL, 0, NULL, '2021-11-23'),
(2841, 2, 10, NULL, 0, NULL, '2021-11-23'),
(2842, 2, 10, NULL, 0, NULL, '2021-11-23'),
(2843, 2, 10, NULL, 0, NULL, '2021-11-23'),
(2844, 2, 10, NULL, 0, NULL, '2021-11-23'),
(2845, 2, 10, NULL, 0, NULL, '2021-11-23'),
(2846, 2, 10, NULL, 0, NULL, '2021-11-23'),
(2847, 2, 10, NULL, 0, NULL, '2021-11-23'),
(2848, 2, 10, NULL, 0, NULL, '2021-11-23'),
(2849, 2, 10, NULL, 0, NULL, '2021-11-23'),
(2850, 2, 10, NULL, 0, NULL, '2021-11-23'),
(2851, 2, 10, NULL, NULL, 0, '2021-11-23'),
(2852, 2, 10, 0, NULL, NULL, '2021-11-23'),
(2853, 2, 10, NULL, NULL, 5, '2021-11-23'),
(2854, 2, 10, 1, NULL, NULL, '2021-11-23'),
(2855, 2, 10, NULL, 0, NULL, '2021-11-23'),
(2856, 2, 10, NULL, 0, NULL, '2021-11-23'),
(2857, 2, 10, NULL, 0, NULL, '2021-11-23'),
(2858, 2, 10, NULL, 0, NULL, '2021-11-23'),
(2859, 2, 10, NULL, 0, NULL, '2021-11-23'),
(2860, 2, 1, NULL, NULL, 10, '2021-11-23'),
(2861, 2, 2, NULL, NULL, 20, '2021-11-23'),
(2862, 2, 3, NULL, NULL, 5, '2021-11-23'),
(2863, 2, 4, NULL, NULL, 17, '2021-11-23'),
(2864, 2, 5, NULL, NULL, 25, '2021-11-23'),
(2865, 2, 6, NULL, NULL, 7, '2021-11-23'),
(2866, 2, 7, NULL, NULL, 4, '2021-11-23'),
(2867, 2, 8, NULL, NULL, 2, '2021-11-23'),
(2868, 2, 9, NULL, NULL, 20, '2021-11-23'),
(2869, 2, 2, NULL, 20, NULL, '2021-11-23'),
(2870, 2, 3, NULL, 5, NULL, '2021-11-23'),
(2871, 2, 4, NULL, 5, NULL, '2021-11-23'),
(2872, 2, 5, NULL, 12, NULL, '2021-11-23'),
(2873, 2, 6, NULL, 5, NULL, '2021-11-23'),
(2874, 2, 7, NULL, 4, NULL, '2021-11-23'),
(2875, 2, 8, NULL, 1, NULL, '2021-11-23'),
(2876, 2, 9, NULL, 20, NULL, '2021-11-23'),
(2877, 2, 10, 3, NULL, NULL, '2021-11-23'),
(2878, 2, 10, NULL, 0, NULL, '2021-11-23'),
(2879, 2, 1, 5, NULL, NULL, '2021-11-23'),
(2880, 2, 2, 5, NULL, NULL, '2021-11-23'),
(2881, 2, 2, NULL, 15, NULL, '2021-11-23'),
(2882, 2, 3, 2, NULL, NULL, '2021-11-23'),
(2883, 2, 3, NULL, 3, NULL, '2021-11-23'),
(2884, 2, 4, 5, NULL, NULL, '2021-11-23'),
(2885, 2, 4, NULL, 0, NULL, '2021-11-23'),
(2886, 2, 5, 8, NULL, NULL, '2021-11-23'),
(2887, 2, 5, NULL, 4, NULL, '2021-11-23'),
(2888, 2, 6, 3, NULL, NULL, '2021-11-23'),
(2889, 2, 6, NULL, 2, NULL, '2021-11-23'),
(2890, 2, 7, 1, NULL, NULL, '2021-11-23'),
(2891, 2, 7, NULL, 3, NULL, '2021-11-23'),
(2892, 2, 8, 2, NULL, NULL, '2021-11-23'),
(2893, 2, 8, NULL, 0, NULL, '2021-11-23'),
(2894, 2, 9, 4, NULL, NULL, '2021-11-23'),
(2895, 2, 9, NULL, 16, NULL, '2021-11-23'),
(2896, 2, 10, NULL, 0, NULL, '2021-11-23'),
(2897, 2, 1, NULL, NULL, 5, '2021-11-24'),
(2899, 2, 2, NULL, NULL, 26, '2021-11-24'),
(2901, 2, 3, NULL, NULL, 10, '2021-11-24'),
(2903, 2, 4, NULL, NULL, 5, '2021-11-24'),
(2905, 2, 5, NULL, NULL, 25, '2021-11-24'),
(2907, 2, 6, NULL, NULL, 8, '2021-11-24'),
(2909, 2, 7, NULL, NULL, 1, '2021-11-24'),
(2911, 2, 8, NULL, NULL, 1, '2021-11-24'),
(2913, 2, 9, NULL, NULL, 12, '2021-11-24'),
(2915, 2, 10, NULL, NULL, 1, '2021-11-24'),
(2917, 2, 1, 4, NULL, NULL, '2021-11-24'),
(2918, 2, 1, NULL, 1, NULL, '2021-11-24'),
(2919, 2, 2, 6, NULL, NULL, '2021-11-24'),
(2920, 2, 2, NULL, 5, NULL, '2021-11-24'),
(2921, 2, 3, 2, NULL, NULL, '2021-11-24'),
(2922, 2, 3, NULL, 5, NULL, '2021-11-24'),
(2923, 2, 4, 3, NULL, NULL, '2021-11-24'),
(2924, 2, 4, NULL, 2, NULL, '2021-11-24'),
(2925, 2, 5, 4, NULL, NULL, '2021-11-24'),
(2926, 2, 5, NULL, 17, NULL, '2021-11-24'),
(2927, 2, 6, 2, NULL, NULL, '2021-11-24'),
(2928, 2, 6, NULL, 4, NULL, '2021-11-24'),
(2929, 2, 7, 0, NULL, NULL, '2021-11-24'),
(2930, 2, 8, 1, NULL, NULL, '2021-11-24'),
(2931, 2, 9, 5, NULL, NULL, '2021-11-24'),
(2932, 2, 10, 3, NULL, NULL, '2021-11-24'),
(2946, 2, 1, NULL, NULL, 0, '2021-11-24'),
(2947, 2, 2, NULL, NULL, 0, '2021-11-24'),
(2948, 2, 3, NULL, NULL, 0, '2021-11-24'),
(2949, 2, 4, NULL, NULL, 0, '2021-11-24'),
(2950, 2, 5, NULL, NULL, 0, '2021-11-24'),
(2951, 2, 6, NULL, NULL, 0, '2021-11-24'),
(2952, 2, 7, NULL, NULL, 0, '2021-11-24'),
(2953, 2, 8, NULL, NULL, 0, '2021-11-24'),
(2954, 2, 9, NULL, NULL, 0, '2021-11-24'),
(2955, 2, 10, NULL, NULL, 0, '2021-11-24'),
(2956, 2, 1, 0, NULL, NULL, '2021-11-24'),
(2957, 2, 1, NULL, 0, NULL, '2021-11-24'),
(2958, 2, 2, 0, NULL, NULL, '2021-11-24'),
(2959, 2, 2, NULL, 0, NULL, '2021-11-24'),
(2960, 2, 3, 0, NULL, NULL, '2021-11-24'),
(2961, 2, 3, NULL, 0, NULL, '2021-11-24'),
(2962, 2, 4, 0, NULL, NULL, '2021-11-24'),
(2963, 2, 4, NULL, 0, NULL, '2021-11-24'),
(2964, 2, 5, 0, NULL, NULL, '2021-11-24'),
(2965, 2, 5, NULL, 0, NULL, '2021-11-24'),
(2966, 2, 6, 0, NULL, NULL, '2021-11-24'),
(2967, 2, 6, NULL, 0, NULL, '2021-11-24'),
(2968, 2, 8, 0, NULL, NULL, '2021-11-24'),
(2969, 2, 9, 0, NULL, NULL, '2021-11-24'),
(2970, 2, 10, 0, NULL, NULL, '2021-11-24'),
(2971, 2, 1, NULL, NULL, 5, '2021-11-24'),
(2972, 2, 2, NULL, NULL, 26, '2021-11-24'),
(2973, 2, 3, NULL, NULL, 10, '2021-11-24'),
(2974, 2, 4, NULL, NULL, 5, '2021-11-24'),
(2975, 2, 5, NULL, NULL, 25, '2021-11-24'),
(2976, 2, 6, NULL, NULL, 8, '2021-11-24'),
(2977, 2, 7, NULL, NULL, 1, '2021-11-24'),
(2978, 2, 8, NULL, NULL, 1, '2021-11-24'),
(2979, 2, 9, NULL, NULL, 12, '2021-11-24'),
(2980, 2, 10, NULL, NULL, 3, '2021-11-24'),
(2981, 2, 1, 5, NULL, NULL, '2021-11-24'),
(2982, 2, 2, 4, NULL, NULL, '2021-11-24'),
(2983, 2, 2, NULL, 7, NULL, '2021-11-24'),
(2984, 2, 3, 3, NULL, NULL, '2021-11-24'),
(2985, 2, 3, NULL, 4, NULL, '2021-11-24'),
(2986, 2, 4, 2, NULL, NULL, '2021-11-24'),
(2987, 2, 4, NULL, 3, NULL, '2021-11-24'),
(2988, 2, 5, 4, NULL, NULL, '2021-11-24'),
(2989, 2, 5, NULL, 17, NULL, '2021-11-24'),
(2990, 2, 6, 2, NULL, NULL, '2021-11-24'),
(2991, 2, 6, NULL, 4, NULL, '2021-11-24'),
(2992, 2, 7, 1, NULL, NULL, '2021-11-24'),
(2993, 2, 8, NULL, 1, NULL, '2021-11-24'),
(2994, 2, 9, 5, NULL, NULL, '2021-11-24'),
(2995, 2, 10, NULL, 0, NULL, '2021-11-24'),
(2996, 2, 1, NULL, NULL, 0, '2021-11-24'),
(2997, 2, 2, NULL, NULL, 0, '2021-11-24'),
(2998, 2, 3, NULL, NULL, 0, '2021-11-24'),
(2999, 2, 4, NULL, NULL, 0, '2021-11-24'),
(3000, 2, 5, NULL, NULL, 0, '2021-11-24'),
(3001, 2, 6, NULL, NULL, 0, '2021-11-24'),
(3002, 2, 7, NULL, NULL, 0, '2021-11-24'),
(3003, 2, 8, NULL, NULL, 0, '2021-11-24'),
(3004, 2, 9, NULL, NULL, 0, '2021-11-24'),
(3005, 2, 10, NULL, NULL, 0, '2021-11-24'),
(3006, 2, 1, 0, NULL, NULL, '2021-11-24'),
(3007, 2, 2, 0, NULL, NULL, '2021-11-24'),
(3008, 2, 2, NULL, 0, NULL, '2021-11-24'),
(3009, 2, 3, 0, NULL, NULL, '2021-11-24'),
(3010, 2, 3, NULL, 0, NULL, '2021-11-24'),
(3011, 2, 4, 0, NULL, NULL, '2021-11-24'),
(3012, 2, 4, NULL, 0, NULL, '2021-11-24'),
(3013, 2, 5, 0, NULL, NULL, '2021-11-24'),
(3014, 2, 5, NULL, 0, NULL, '2021-11-24'),
(3015, 2, 6, 0, NULL, NULL, '2021-11-24'),
(3016, 2, 6, NULL, 0, NULL, '2021-11-24'),
(3017, 2, 7, 0, NULL, NULL, '2021-11-24'),
(3018, 2, 8, NULL, 0, NULL, '2021-11-24'),
(3019, 2, 9, 0, NULL, NULL, '2021-11-24'),
(3020, 2, 1, NULL, NULL, 8, '2021-11-24'),
(3021, 2, 2, NULL, NULL, 30, '2021-11-24'),
(3022, 2, 3, NULL, NULL, 10, '2021-11-24'),
(3023, 2, 4, NULL, NULL, 10, '2021-11-24'),
(3024, 2, 5, NULL, NULL, 40, '2021-11-24'),
(3025, 2, 6, NULL, NULL, 10, '2021-11-24'),
(3026, 2, 7, NULL, NULL, 1, '2021-11-24'),
(3027, 2, 8, NULL, NULL, 1, '2021-11-24'),
(3028, 2, 9, NULL, NULL, 10, '2021-11-24'),
(3029, 2, 10, NULL, NULL, 2, '2021-11-24'),
(3030, 2, 1, 2, NULL, NULL, '2021-11-24'),
(3031, 2, 1, NULL, 6, NULL, '2021-11-24'),
(3032, 2, 2, 6, NULL, NULL, '2021-11-24'),
(3033, 2, 2, NULL, 9, NULL, '2021-11-24'),
(3034, 2, 3, 2, NULL, NULL, '2021-11-24'),
(3035, 2, 3, NULL, 5, NULL, '2021-11-24'),
(3036, 2, 4, 3, NULL, NULL, '2021-11-24'),
(3037, 2, 4, NULL, 7, NULL, '2021-11-24'),
(3038, 2, 5, 5, NULL, NULL, '2021-11-24'),
(3039, 2, 5, NULL, 31, NULL, '2021-11-24'),
(3040, 2, 6, 1, NULL, NULL, '2021-11-24'),
(3041, 2, 6, NULL, 7, NULL, '2021-11-24'),
(3042, 2, 7, 1, NULL, NULL, '2021-11-24'),
(3043, 2, 8, 1, NULL, NULL, '2021-11-24'),
(3044, 2, 9, 3, NULL, NULL, '2021-11-24'),
(3045, 2, 10, NULL, 2, NULL, '2021-11-24'),
(3334, 2, 1, 3, NULL, NULL, '2021-11-17'),
(3336, 2, 1, NULL, NULL, 1, '2021-11-25'),
(3337, 2, 1, 10, 10, 20, '2021-11-26'),
(3338, 2, 1, NULL, 0, 0, '2021-11-27'),
(3339, 2, 1, 3, 5, 8, '2021-11-28'),
(3340, 2, 1, NULL, 5, 8, '2021-11-29'),
(3341, 2, 1, NULL, 5, 8, '2021-11-30'),
(3342, 2, 1, NULL, 5, 8, '2021-12-01'),
(3343, 2, 2, NULL, NULL, 0, '2021-11-25'),
(3344, 2, 2, 8, 12, 20, '2021-11-26'),
(3345, 2, 2, NULL, 0, 0, '2021-11-27'),
(3346, 2, 2, 5, 10, 15, '2021-11-28'),
(3347, 2, 2, NULL, 10, 23, '2021-11-29'),
(3348, 2, 2, NULL, 10, 23, '2021-11-30'),
(3349, 2, 2, NULL, 10, 23, '2021-12-01'),
(3350, 2, 3, NULL, NULL, 0, '2021-11-25'),
(3351, 2, 3, 2, 6, 8, '2021-11-26'),
(3352, 2, 3, NULL, 0, 0, '2021-11-27'),
(3353, 2, 3, 2, 6, 8, '2021-11-28'),
(3354, 2, 3, NULL, 6, 5, '2021-11-29'),
(3355, 2, 3, NULL, 6, 5, '2021-11-30'),
(3356, 2, 3, NULL, 6, 2, '2021-12-01'),
(3357, 2, 4, NULL, NULL, 0, '2021-11-25'),
(3358, 2, 4, 6, 4, 10, '2021-11-26'),
(3359, 2, 4, NULL, 0, 0, '2021-11-27'),
(3360, 2, 4, 3, 10, 13, '2021-11-28'),
(3361, 2, 4, NULL, 10, 15, '2021-11-29'),
(3362, 2, 4, NULL, 10, 15, '2021-11-30'),
(3363, 2, 4, NULL, 10, 15, '2021-12-01'),
(3364, 2, 5, NULL, NULL, 0, '2021-11-25'),
(3365, 2, 5, 6, 19, 25, '2021-11-26'),
(3366, 2, 5, NULL, 0, 0, '2021-11-27'),
(3367, 2, 5, 6, 24, 30, '2021-11-28'),
(3368, 2, 5, NULL, 24, 33, '2021-11-29'),
(3369, 2, 5, NULL, 24, 30, '2021-11-30'),
(3370, 2, 5, NULL, 24, 30, '2021-12-01'),
(3371, 2, 6, NULL, NULL, 0, '2021-11-25'),
(3372, 2, 6, 3, 5, 8, '2021-11-26'),
(3373, 2, 6, NULL, 0, 0, '2021-11-27'),
(3374, 2, 6, 2, 8, 10, '2021-11-28'),
(3375, 2, 6, NULL, 8, 10, '2021-11-29'),
(3376, 2, 6, NULL, 8, 10, '2021-11-30'),
(3377, 2, 6, NULL, 8, 10, '2021-12-01'),
(3378, 2, 7, NULL, NULL, 0, '2021-11-25'),
(3379, 2, 7, 1, 1, 2, '2021-11-26'),
(3380, 2, 7, NULL, 0, 0, '2021-11-27'),
(3381, 2, 7, 1, 1, 2, '2021-11-28'),
(3382, 2, 7, NULL, 1, 1, '2021-11-29'),
(3383, 2, 7, NULL, 1, 2, '2021-11-30'),
(3384, 2, 7, NULL, 1, 2, '2021-12-01'),
(3385, 2, 8, NULL, NULL, 0, '2021-11-25'),
(3386, 2, 8, 1, 1, 2, '2021-11-26'),
(3387, 2, 8, NULL, 0, 0, '2021-11-27'),
(3388, 2, 8, 1, 1, 2, '2021-11-28'),
(3389, 2, 8, NULL, 1, 2, '2021-11-29'),
(3390, 2, 8, NULL, 1, 1, '2021-11-30'),
(3391, 2, 8, NULL, 1, 2, '2021-12-01'),
(3392, 2, 9, NULL, NULL, 0, '2021-11-25'),
(3393, 2, 9, 5, 15, 20, '2021-11-26'),
(3394, 2, 9, NULL, 0, 0, '2021-11-27'),
(3395, 2, 9, 5, 18, 23, '2021-11-28'),
(3396, 2, 9, NULL, 18, 2, '2021-11-29'),
(3397, 2, 9, NULL, 18, 20, '2021-11-30'),
(3398, 2, 9, NULL, 18, 20, '2021-12-01'),
(3399, 2, 10, NULL, NULL, 0, '2021-11-25'),
(3400, 2, 10, 2, 8, 10, '2021-11-26'),
(3401, 2, 10, NULL, 0, 0, '2021-11-27'),
(3402, 2, 10, 3, 0, 5, '2021-11-28'),
(3403, 2, 10, NULL, 0, 7, '2021-11-29'),
(3404, 2, 10, NULL, 0, 7, '2021-11-30'),
(3405, 2, 10, NULL, 0, 7, '2021-12-01'),
(3406, 2, 1, NULL, 0, 0, '2021-12-02'),
(3407, 2, 2, NULL, 0, 0, '2021-12-02'),
(3408, 2, 3, NULL, 0, 0, '2021-12-02'),
(3409, 2, 4, NULL, 0, 0, '2021-12-02'),
(3410, 2, 5, NULL, 0, 0, '2021-12-02'),
(3411, 2, 6, NULL, 0, 0, '2021-12-02'),
(3412, 2, 7, NULL, 0, 0, '2021-12-02'),
(3413, 2, 8, NULL, 0, 0, '2021-12-02'),
(3414, 2, 9, NULL, 0, 0, '2021-12-02'),
(3415, 2, 10, NULL, 0, 0, '2021-12-02'),
(3416, 2, 1, NULL, 0, 0, '2021-12-03'),
(3417, 2, 1, NULL, 0, 0, '2021-12-04'),
(3418, 2, 2, NULL, 0, 0, '2021-12-03'),
(3419, 2, 2, NULL, 0, 0, '2021-12-04'),
(3420, 2, 3, NULL, 0, 0, '2021-12-03'),
(3421, 2, 3, NULL, 0, 0, '2021-12-04'),
(3422, 2, 4, NULL, 0, 0, '2021-12-03'),
(3423, 2, 4, NULL, 0, 0, '2021-12-04'),
(3424, 2, 5, NULL, 0, 0, '2021-12-03'),
(3425, 2, 5, NULL, 0, 0, '2021-12-04'),
(3426, 2, 6, NULL, 0, 0, '2021-12-03'),
(3427, 2, 6, NULL, 0, 0, '2021-12-04'),
(3428, 2, 7, NULL, 0, 0, '2021-12-03'),
(3429, 2, 7, NULL, 0, 0, '2021-12-04'),
(3430, 2, 8, NULL, 0, 0, '2021-12-03'),
(3431, 2, 8, NULL, 0, 0, '2021-12-04'),
(3432, 2, 9, NULL, 0, 0, '2021-12-03'),
(3433, 2, 9, NULL, 0, 0, '2021-12-04'),
(3434, 2, 10, NULL, 0, 0, '2021-12-03'),
(3435, 2, 10, NULL, 0, 0, '2021-12-04');

-- --------------------------------------------------------

--
-- テーブルの構造 `shops`
--

CREATE TABLE `shops` (
  `id` int(32) NOT NULL COMMENT 'システムID',
  `name` varchar(255) DEFAULT NULL COMMENT '企業名',
  `shop_name` varchar(255) NOT NULL COMMENT '店舗名',
  `postal_code` varchar(8) NOT NULL COMMENT '郵便番号',
  `address` text NOT NULL COMMENT '住所',
  `tel` varchar(13) NOT NULL COMMENT '電話番号',
  `email` varchar(255) NOT NULL COMMENT 'メールアドレス',
  `password` varchar(100) NOT NULL COMMENT 'パスワード',
  `flg` int(11) NOT NULL DEFAULT 0,
  `created_at` datetime DEFAULT NULL COMMENT '登録日時',
  `updated_at` datetime DEFAULT NULL COMMENT '更新日時'
) ENGINE=InnoDB DEFAULT CHARSET=utf8mb4;

--
-- テーブルのデータのダンプ `shops`
--

INSERT INTO `shops` (`id`, `name`, `shop_name`, `postal_code`, `address`, `tel`, `email`, `password`, `flg`, `created_at`, `updated_at`) VALUES
(1, '管理者', '', '', '', '', 'owner@test.com', '$2y$10$g6Z7KRb2youKCiQzxwXNA.Tr3/7DwapjqKxrUX7WYhFtKFSnEGUY.', 0, '2021-11-15 14:53:50', NULL),
(2, '株式会社', '東京駅前店', '111-1234', '東京都凸凹区', '00-1234-1234', 'tokyo@test.com', '$2y$10$DZiBUBsO5vn.hEUdqQi0Muz1bp7Lg2JfHykRiLfF0Wx.SicYEvRFO', 0, '2021-11-15 15:22:12', NULL),
(3, '株式会社〇〇〇コーヒー', '大阪店', '555-1234', '大阪府大阪市北区〇〇-〇', '06-0000-0000', 'osaka@test.com', '$2y$10$xKD8ohZ22LddjtQYUMe6yuvqI32KLhXqX9NxduJCfNeRGLZF7qnga', 0, '2021-11-15 15:26:51', NULL),
(4, '株式会社〇〇', '沖縄店', '999-9999', '沖縄県', '090-1234-6789', 'okinawa@test.com', '$2y$10$/vPBIHR7v1HDiLmEeG2W6.3YXtwjMVGtb6/PIvAg6R.ZyjBLpCU4C', 0, '2021-11-16 17:42:06', NULL),
(5, '株式会社', '北海道店', '079-0000', '北海道札幌市', '00-9876-5432', 'hokkaido@test.com', '$2y$10$KUR3NTHOaJpCWjXliupdK.8rwap3u1IpYB/u5BkN8QQvjI.h2yXkm', 0, '2021-11-23 17:40:33', NULL),
(6, '株式会社〇〇', '広島店', '730-0000', '広島県広島市', '00-9090-0000', 'hiroshima@test.com', '$2y$10$bTqOyGUcPrCbO2mfQqicf.PIKYw5UTmjlMA5C9c2NGe./o/Z9drIy', 0, '2021-11-23 17:49:50', NULL);

-- --------------------------------------------------------

--
-- テーブルの構造 `stocks`
--

CREATE TABLE `stocks` (
  `id` int(32) NOT NULL COMMENT 'システムID',
  `name` varchar(255) NOT NULL COMMENT '商品名',
  `stock_count` int(32) DEFAULT NULL COMMENT '在庫数',
  `class` int(11) NOT NULL COMMENT '分類',
  `created_at` datetime DEFAULT NULL COMMENT '登録日時',
  `updated_at` datetime NOT NULL COMMENT '更新日時'
) ENGINE=InnoDB DEFAULT CHARSET=utf8mb4;

--
-- テーブルのデータのダンプ `stocks`
--

INSERT INTO `stocks` (`id`, `name`, `stock_count`, `class`, `created_at`, `updated_at`) VALUES
(1, 'コーヒー豆 250g/個', 1050, 1, '2021-11-14 14:50:09', '2021-11-24 18:31:10'),
(2, '牛乳 12本/ケース', 573, 2, '2021-11-14 14:50:09', '0000-00-00 00:00:00'),
(3, '豆乳 6本/ケース', 666, 2, '2021-11-14 14:50:09', '0000-00-00 00:00:00'),
(4, 'Sサイズカップ 50個/ケース', 344, 3, '2021-11-14 14:50:09', '0000-00-00 00:00:00'),
(5, 'Mサイズカップ 50個/ケース', 146, 3, '2021-11-14 14:50:09', '0000-00-00 00:00:00'),
(6, 'Lサイズカップ 50個/ケース', 499, 3, '2021-11-14 14:50:09', '0000-00-00 00:00:00'),
(7, 'ポーションシロップ 100個/袋', 972, 3, '2021-11-17 10:57:39', '0000-00-00 00:00:00'),
(8, 'ポーションミルク 100個/袋', 977, 3, '2021-11-17 10:57:57', '0000-00-00 00:00:00'),
(9, 'パン 1個', 386, 4, '2021-11-17 11:03:44', '0000-00-00 00:00:00'),
(10, 'バナナ 1本', 0, 4, '2021-11-17 11:04:06', '0000-00-00 00:00:00');

--
-- ダンプしたテーブルのインデックス
--

--
-- テーブルのインデックス `orders`
--
ALTER TABLE `orders`
  ADD PRIMARY KEY (`id`);

--
-- テーブルのインデックス `shops`
--
ALTER TABLE `shops`
  ADD PRIMARY KEY (`id`);

--
-- テーブルのインデックス `stocks`
--
ALTER TABLE `stocks`
  ADD PRIMARY KEY (`id`);

--
-- ダンプしたテーブルの AUTO_INCREMENT
--

--
-- テーブルの AUTO_INCREMENT `orders`
--
ALTER TABLE `orders`
  MODIFY `id` int(32) NOT NULL AUTO_INCREMENT COMMENT 'システムID', AUTO_INCREMENT=3436;

--
-- テーブルの AUTO_INCREMENT `shops`
--
ALTER TABLE `shops`
  MODIFY `id` int(32) NOT NULL AUTO_INCREMENT COMMENT 'システムID', AUTO_INCREMENT=7;

--
-- テーブルの AUTO_INCREMENT `stocks`
--
ALTER TABLE `stocks`
  MODIFY `id` int(32) NOT NULL AUTO_INCREMENT COMMENT 'システムID', AUTO_INCREMENT=11;
COMMIT;

/*!40101 SET CHARACTER_SET_CLIENT=@OLD_CHARACTER_SET_CLIENT */;
/*!40101 SET CHARACTER_SET_RESULTS=@OLD_CHARACTER_SET_RESULTS */;
/*!40101 SET COLLATION_CONNECTION=@OLD_COLLATION_CONNECTION */;
